<?xml version="1.0" encoding="UTF-8"?>
<radios>
  <radio name="Europe 1" id="2865"/>
  <radio name="France Culture" id="4233"/>
  <radio name="Virgin radio" id="8275"/>
  <radio name="Fun" id="4368"/>
  <radio name="RFM" id="2993"/>
  <radio name="Europe 1" id="2865"/>
  <radio name="RTL" id="5168"/>
  <radio name="NRJ" id="8280"/>
  <radio name="RMC Info" id="1935"/>
  <radio name="France Inter" id="2843"/>
  <radio name="France Info" id="4232"/>
  <radio name="Chérie FM" id="8315"/>
  <radio name="BFM" id="1441"/>
  <radio name="Skyrock" id="8302"/>
  <radio name="FG" id="1577"/>
  <radio name="radio Classique" id="1838"/>
  <radio name="France Culture" id="4233"/>
</radios>
