[{ "id": "Parametres", "parent" : "#", "text": "Paramètres", "a_attr": {"href": "Parametres.html"}  },{ "id": "Kodi", "parent" : "Parametres", "text": "Kodi", "a_attr": {"href": "Kodi.html"}  },{ "id": "Avatar", "parent" : "Parametres", "text": "Avatar", "a_attr": {"href": "Avatar.html"}  },{ "id": "Commandes", "parent" : "#", "text": "Commandes", "a_attr": {"href": "Commandes.html"}  },{ "id": "Commandes1", "parent" : "Commandes", "text": "Commandes", "a_attr": {"href": "Commandes1.html"}  },{ "id": "modemultimedia", "parent" : "Commandes", "text": "mode multimédia", "a_attr": {"href": "modemultimedia.html"}  }]